registration_id,first_name,last_name,date_of_birth,gender,city,registration_date,status,created_at,updated_at
REG001,Ravi,Kumar,1962-04-12,Male,Secunderabad,2026-01-01 03:07:00,Active,2026-01-01 03:09:00,2026-01-02 04:09:00
REG002,Priya,Verma,1969-07-23,Female,Warangal,2026-01-01 20:17:38,Active,2026-01-01 20:19:38,2026-01-03 22:19:38
REG003,Arun,Menon,1976-10-07,Male,Vijayawada,2026-01-02 13:28:16,Active,2026-01-02 13:30:16,2026-01-05 16:30:16
REG004,Meena,Reddy,1983-01-18,Female,Hyderabad,2026-01-02 20:38:54,Active,2026-01-02 20:40:54,2026-01-07 00:40:54
REG005,Suresh,Naidu,1990-04-02,Male,Secunderabad,2026-01-03 13:49:32,Active,2026-01-03 13:51:32,2026-01-08 13:51:32
REG006,Anita,Iyer,1997-07-13,Female,Warangal,2026-01-04 07:00:10,Active,2026-01-04 07:02:10,2026-01-10 08:02:10
REG007,Rahul,Sharma,2004-10-24,Male,Vijayawada,2026-01-04 14:10:49,Active,2026-01-04 14:12:49,2026-01-11 16:12:49
REG008,Kiran,Rao,1961-01-08,Female,Hyderabad,2026-01-05 07:21:27,Active,2026-01-05 07:23:27,2026-01-13 10:23:27
REG009,Lakshmi,Singh,1968-04-19,Male,Secunderabad,2026-01-05 23:32:05,Active,2026-01-05 23:34:05,2026-01-15 03:34:05
REG010,Vijay,Das,1975-07-03,Female,Warangal,2026-01-06 06:42:43,Active,2026-01-06 06:44:43,2026-01-06 06:44:43
REG011,Neha,Kumar,1982-10-14,Male,Vijayawada,2026-01-06 23:53:21,Active,2026-01-06 23:55:21,2026-01-08 00:55:21
REG012,Sanjay,Verma,1989-01-25,Female,Hyderabad,2026-01-07 17:04:00,Active,2026-01-07 17:06:00,2026-01-09 19:06:00
REG013,Kavya,Menon,1996-04-09,Male,Secunderabad,2026-01-08 10:14:38,Active,2026-01-08 10:16:38,2026-01-11 13:16:38
REG014,Pavan,Reddy,2003-07-20,Female,Warangal,2026-01-08 17:25:16,Active,2026-01-08 17:27:16,2026-01-12 21:27:16
REG015,Swathi,Naidu,1960-10-04,Male,Vijayawada,2026-01-09 10:35:54,Active,2026-01-09 10:37:54,2026-01-14 10:37:54
REG016,Mohan,Iyer,1967-01-15,Female,Hyderabad,2026-01-10 03:46:32,Active,2026-01-10 03:48:32,2026-01-16 04:48:32
REG017,Deepa,Sharma,1974-04-26,Male,Secunderabad,2026-01-10 10:57:10,Active,2026-01-10 10:59:10,2026-01-17 12:59:10
REG018,Ajay,Rao,1981-07-10,Female,Warangal,2026-01-11 03:07:49,Active,2026-01-11 03:09:49,2026-01-19 06:09:49
REG019,Nikhil,Singh,1988-10-21,Male,Vijayawada,2026-01-11 20:18:27,Active,2026-01-11 20:20:27,2026-01-21 00:20:27
REG020,Divya,Das,1995-01-05,Female,Hyderabad,2026-01-12 03:29:05,Active,2026-01-12 03:31:05,2026-01-12 03:31:05
REG021,Ravi,Kumar,2002-04-16,Male,Secunderabad,2026-01-12 20:39:43,Active,2026-01-12 20:41:43,2026-01-13 21:41:43
REG022,Priya,Verma,1959-07-27,Female,Warangal,2026-01-13 13:50:21,Active,2026-01-13 13:52:21,2026-01-15 15:52:21
REG023,Arun,Menon,1966-10-11,Male,Vijayawada,2026-01-14 07:01:00,Active,2026-01-14 07:03:00,2026-01-17 10:03:00
REG024,Meena,Reddy,1973-01-22,Female,Hyderabad,2026-01-14 14:11:38,Active,2026-01-14 14:13:38,2026-01-18 18:13:38
REG025,Suresh,Naidu,1980-04-06,Male,Secunderabad,2026-01-15 07:22:16,Active,2026-01-15 07:24:16,2026-01-20 07:24:16
REG026,Anita,Iyer,1987-07-17,Female,Warangal,2026-01-15 23:32:54,Active,2026-01-15 23:34:54,2026-01-22 00:34:54
REG027,Rahul,Sharma,1994-10-01,Male,Vijayawada,2026-01-16 06:43:32,Active,2026-01-16 06:45:32,2026-01-23 08:45:32
REG028,Kiran,Rao,2001-01-12,Female,Hyderabad,2026-01-16 23:54:10,Active,2026-01-16 23:56:10,2026-01-25 02:56:10
REG029,Lakshmi,Singh,1958-04-23,Male,Secunderabad,2026-01-17 17:04:49,Active,2026-01-17 17:06:49,2026-01-26 21:06:49
REG030,Vijay,Das,1965-07-07,Female,Warangal,2026-01-18 00:15:27,Active,2026-01-18 00:17:27,2026-01-18 00:17:27
REG031,Neha,Kumar,1972-10-18,Male,Vijayawada,2026-01-18 17:26:05,Active,2026-01-18 17:28:05,2026-01-19 18:28:05
REG032,Sanjay,Verma,1979-01-02,Female,Hyderabad,2026-01-19 10:36:43,Active,2026-01-19 10:38:43,2026-01-21 12:38:43
REG033,Kavya,Menon,1986-04-13,Male,Secunderabad,2026-01-20 03:47:21,Active,2026-01-20 03:49:21,2026-01-23 06:49:21
REG034,Pavan,Reddy,1993-07-24,Female,Warangal,2026-01-20 10:58:00,Active,2026-01-20 11:00:00,2026-01-24 15:00:00
REG035,Swathi,Naidu,2000-10-08,Male,Vijayawada,2026-01-21 03:08:38,Active,2026-01-21 03:10:38,2026-01-26 03:10:38
REG036,Mohan,Iyer,1957-01-19,Female,Hyderabad,2026-01-21 20:19:16,Active,2026-01-21 20:21:16,2026-01-27 21:21:16
REG037,Deepa,Sharma,1964-04-03,Male,Secunderabad,2026-01-22 03:29:54,Active,2026-01-22 03:31:54,2026-01-29 05:31:54
REG038,Ajay,Rao,1971-07-14,Female,Warangal,2026-01-22 20:40:32,Active,2026-01-22 20:42:32,2026-01-30 23:42:32
REG039,Nikhil,Singh,1978-10-25,Male,Vijayawada,2026-01-23 13:51:10,Active,2026-01-23 13:53:10,2026-02-01 17:53:10
REG040,Divya,Das,1985-01-09,Female,Hyderabad,2026-01-23 21:01:49,Active,2026-01-23 21:03:49,2026-01-23 21:03:49
REG041,Ravi,Kumar,1992-04-20,Male,Secunderabad,2026-01-24 14:12:27,Active,2026-01-24 14:14:27,2026-01-25 15:14:27
REG042,Priya,Verma,1999-07-04,Female,Warangal,2026-01-25 07:23:05,Active,2026-01-25 07:25:05,2026-01-27 09:25:05
REG043,Arun,Menon,1956-10-15,Male,Vijayawada,2026-01-25 23:33:43,Active,2026-01-25 23:35:43,2026-01-29 02:35:43
REG044,Meena,Reddy,1963-01-26,Female,Hyderabad,2026-01-26 06:44:21,Active,2026-01-26 06:46:21,2026-01-30 10:46:21
REG045,Suresh,Naidu,1970-04-10,Male,Secunderabad,2026-01-26 23:55:00,Active,2026-01-26 23:57:00,2026-01-31 23:57:00
REG046,Anita,Iyer,1977-07-21,Female,Warangal,2026-01-27 17:05:38,Active,2026-01-27 17:07:38,2026-02-02 18:07:38
REG047,Rahul,Sharma,1984-10-05,Male,Vijayawada,2026-01-28 00:16:16,Active,2026-01-28 00:18:16,2026-02-04 02:18:16
REG048,Kiran,Rao,1991-01-16,Female,Hyderabad,2026-01-28 17:26:54,Active,2026-01-28 17:28:54,2026-02-05 20:28:54
REG049,Lakshmi,Singh,1998-04-27,Male,Secunderabad,2026-01-29 10:37:32,Active,2026-01-29 10:39:32,2026-02-07 14:39:32
REG050,Vijay,Das,1955-07-11,Female,Warangal,2026-01-29 17:48:10,Active,2026-01-29 17:50:10,2026-01-29 17:50:10
REG051,Neha,Kumar,1962-10-22,Male,Vijayawada,2026-01-30 10:58:49,Active,2026-01-30 11:00:49,2026-01-31 12:00:49
REG052,Sanjay,Verma,1969-01-06,Female,Hyderabad,2026-01-31 03:09:27,Active,2026-01-31 03:11:27,2026-02-02 05:11:27
REG053,Kavya,Menon,1976-04-17,Male,Secunderabad,2026-01-31 20:20:05,Active,2026-01-31 20:22:05,2026-02-03 23:22:05
REG054,Pavan,Reddy,1983-07-01,Female,Warangal,2026-02-01 03:30:43,Active,2026-02-01 03:32:43,2026-02-05 07:32:43
REG055,Swathi,Naidu,1990-10-12,Male,Vijayawada,2026-02-01 20:41:21,Active,2026-02-01 20:43:21,2026-02-06 20:43:21
REG056,Mohan,Iyer,1997-01-23,Female,Hyderabad,2026-02-02 13:52:00,Active,2026-02-02 13:54:00,2026-02-08 14:54:00
REG057,Deepa,Sharma,2004-04-07,Male,Secunderabad,2026-02-02 21:02:38,Active,2026-02-02 21:04:38,2026-02-09 23:04:38
REG058,Ajay,Rao,1961-07-18,Female,Warangal,2026-02-03 14:13:16,Active,2026-02-03 14:15:16,2026-02-11 17:15:16
REG059,Nikhil,Singh,1968-10-02,Male,Vijayawada,2026-02-04 07:23:54,Active,2026-02-04 07:25:54,2026-02-13 11:25:54
REG060,Divya,Das,1975-01-13,Female,Hyderabad,2026-02-04 13:34:32,Active,2026-02-04 13:36:32,2026-02-04 13:36:32
REG061,Ravi,Kumar,1982-04-24,Male,Secunderabad,2026-02-05 06:45:10,Active,2026-02-05 06:47:10,2026-02-06 07:47:10
REG062,Priya,Verma,1989-07-08,Female,Warangal,2026-02-05 23:55:49,Active,2026-02-05 23:57:49,2026-02-08 01:57:49
REG063,Arun,Menon,1996-10-19,Male,Vijayawada,2026-02-06 17:06:27,Active,2026-02-06 17:08:27,2026-02-09 20:08:27
REG064,Meena,Reddy,2003-01-03,Female,Hyderabad,2026-02-07 00:17:05,Active,2026-02-07 00:19:05,2026-02-11 04:19:05
REG065,Suresh,Naidu,1960-04-14,Male,Secunderabad,2026-02-07 17:27:43,Active,2026-02-07 17:29:43,2026-02-12 17:29:43
REG066,Anita,Iyer,1967-07-25,Female,Warangal,2026-02-08 10:38:21,Active,2026-02-08 10:40:21,2026-02-14 11:40:21
REG067,Rahul,Sharma,1974-10-09,Male,Vijayawada,2026-02-08 17:49:00,Active,2026-02-08 17:51:00,2026-02-15 19:51:00
REG068,Kiran,Rao,1981-01-20,Female,Hyderabad,2026-02-09 10:59:38,Active,2026-02-09 11:01:38,2026-02-17 14:01:38
REG069,Lakshmi,Singh,1988-04-04,Male,Secunderabad,2026-02-10 03:10:16,Active,2026-02-10 03:12:16,2026-02-19 07:12:16
REG070,Vijay,Das,1995-07-15,Female,Warangal,2026-02-10 10:20:54,Active,2026-02-10 10:22:54,2026-02-10 10:22:54
REG071,Neha,Kumar,2002-10-26,Male,Vijayawada,2026-02-11 03:31:32,Active,2026-02-11 03:33:32,2026-02-12 04:33:32
REG072,Sanjay,Verma,1959-01-10,Female,Hyderabad,2026-02-11 20:42:10,Active,2026-02-11 20:44:10,2026-02-13 22:44:10
REG073,Kavya,Menon,1966-04-21,Male,Secunderabad,2026-02-12 13:52:49,Active,2026-02-12 13:54:49,2026-02-15 16:54:49
REG074,Pavan,Reddy,1973-07-05,Female,Warangal,2026-02-12 21:03:27,Active,2026-02-12 21:05:27,2026-02-17 01:05:27
REG075,Swathi,Naidu,1980-10-16,Male,Vijayawada,2026-02-13 14:14:05,Active,2026-02-13 14:16:05,2026-02-18 14:16:05
REG076,Mohan,Iyer,1987-01-27,Female,Hyderabad,2026-02-14 07:24:43,Active,2026-02-14 07:26:43,2026-02-20 08:26:43
REG077,Deepa,Sharma,1994-04-11,Male,Secunderabad,2026-02-14 14:35:21,Active,2026-02-14 14:37:21,2026-02-21 16:37:21
REG078,Ajay,Rao,2001-07-22,Female,Warangal,2026-02-15 06:46:00,Active,2026-02-15 06:48:00,2026-02-23 09:48:00
REG079,Nikhil,Singh,1958-10-06,Male,Vijayawada,2026-02-15 23:56:38,Active,2026-02-15 23:58:38,2026-02-25 03:58:38
REG080,Divya,Das,1965-01-17,Female,Hyderabad,2026-02-16 07:07:16,Active,2026-02-16 07:09:16,2026-02-16 07:09:16
REG081,Ravi,Kumar,1972-04-01,Male,Secunderabad,2026-02-17 00:17:54,Active,2026-02-17 00:19:54,2026-02-18 01:19:54
REG082,Priya,Verma,1979-07-12,Female,Warangal,2026-02-17 17:28:32,Active,2026-02-17 17:30:32,2026-02-19 19:30:32
REG083,Arun,Menon,1986-10-23,Male,Vijayawada,2026-02-18 10:39:10,Active,2026-02-18 10:41:10,2026-02-21 13:41:10
REG084,Meena,Reddy,1993-01-07,Female,Hyderabad,2026-02-18 17:49:49,Active,2026-02-18 17:51:49,2026-02-22 21:51:49
REG085,Suresh,Naidu,2000-04-18,Male,Secunderabad,2026-02-19 11:00:27,Active,2026-02-19 11:02:27,2026-02-24 11:02:27
REG086,Anita,Iyer,1957-07-02,Female,Warangal,2026-02-20 03:11:05,Active,2026-02-20 03:13:05,2026-02-26 04:13:05
REG087,Rahul,Sharma,1964-10-13,Male,Vijayawada,2026-02-20 10:21:43,Active,2026-02-20 10:23:43,2026-02-27 12:23:43
REG088,Kiran,Rao,1971-01-24,Female,Hyderabad,2026-02-21 03:32:21,Active,2026-02-21 03:34:21,2026-03-01 06:34:21
REG089,Lakshmi,Singh,1978-04-08,Male,Secunderabad,2026-02-21 20:43:00,Active,2026-02-21 20:45:00,2026-03-03 00:45:00
REG090,Vijay,Das,1985-07-19,Female,Warangal,2026-02-22 03:53:38,Active,2026-02-22 03:55:38,2026-02-22 03:55:38
REG091,Neha,Kumar,1992-10-03,Male,Vijayawada,2026-02-22 21:04:16,Active,2026-02-22 21:06:16,2026-02-23 22:06:16
REG092,Sanjay,Verma,1999-01-14,Female,Hyderabad,2026-02-23 14:14:54,Active,2026-02-23 14:16:54,2026-02-25 16:16:54
REG093,Kavya,Menon,1956-04-25,Male,Secunderabad,2026-02-24 07:25:32,Active,2026-02-24 07:27:32,2026-02-27 10:27:32
REG094,Pavan,Reddy,1963-07-09,Female,Warangal,2026-02-24 14:36:10,Active,2026-02-24 14:38:10,2026-02-28 18:38:10
REG095,Swathi,Naidu,1970-10-20,Male,Vijayawada,2026-02-25 06:46:49,Active,2026-02-25 06:48:49,2026-03-02 06:48:49
REG096,Mohan,Iyer,1977-01-04,Female,Hyderabad,2026-02-25 23:57:27,Active,2026-02-25 23:59:27,2026-03-04 00:59:27
REG097,Deepa,Sharma,1984-04-15,Male,Secunderabad,2026-02-26 07:08:05,Active,2026-02-26 07:10:05,2026-03-05 09:10:05
REG098,Ajay,Rao,1991-07-26,Female,Warangal,2026-02-27 00:18:43,Active,2026-02-27 00:20:43,2026-03-07 03:20:43
REG099,Nikhil,Singh,1998-10-10,Male,Vijayawada,2026-02-27 17:29:21,Active,2026-02-27 17:31:21,2026-03-08 21:31:21
REG100,Divya,Das,1955-01-21,Female,Hyderabad,2026-02-28 00:40:00,Active,2026-02-28 00:42:00,2026-02-28 00:42:00
